"language","profanity"
"English","fucker"
"English","mother effer"
"English","fucking mother"
"English","ass"
"English","azz"
"English","asshole"
"English","arse"
"English","dumbass"
"English","asswipe"
"English","kiss my ass"
"English","@55"
"English","bitchin"
"English","b1tching"
"English","b1tch1ng"
"English","bitchyng"
"English","bitchyn"
"English","bitchy"
"English","bitch"
"English","bitches"
"English","b1tches"
"English","b1tchy"
"English","bi+ch"
"English","b1+ch"
"English","bitchass"
"English","bitchez"
"English","cockeater"
"English","dickmuncher"
"English","cawkmuncher"
"English","cockmunch"
"English","Jack off"
"English","masturbate"
"English","fap"
"English","diddle"
"English","beat off"
"English","toss off"
"English","touch yourself"
"English","beat the meat"
"English","beat your meat"
"English","beat my meat"
"English","jerk off"
"English","get off whack off"
"English","bash the bishop"
"English","choke the chicken"
"English","flong the dong"
"English","play with yourself"
"English","cock"
"English","cockhead"
"English","bbc"
"English","bwc"
"English","cockmonger"
"English","cocksucker"
"English","hmc"
"English","cockgobbler"
"English","cock munch"
"English","dipshitter"
"English","dipshitty"
"English","dipshite"
"English","dipsh1t"
"English","dipsh1tty"
"English","pussy"
"English","cunt"
"English","putang"
"English","punani"
"English","meat curtains"
"English","chocha"
"English","trim"
"English","gash"
"English","bush"
"English","puss"
"English","snatch"
"English","twat"
"English","Fuck"
"English","fucks"
"English","fucking"
"English","fuckface"
"English","fuckwad"
"English","shitfuck"
"English","fuckbag"
"English","fuckwhore"
"English","fucking hell"
"English","fuck off"
"English","fuck you"
"English","fucking A"
"English","phuq"
"English","phuqs"
"English","fuck a duck"
"English","butthole"
"English","rectum"
"English","anus"
"English","colon"
"English","keister"
"English","anal pore"
"English","arsehole"
"English","spicshit"
"English","spicfuck"
"English","4r5es"
"English","4r5ed"
"English","fag"
"English","faggy"
"English","faggot"
"English","faget"
"English","fag hag"
"English","fag bag"
"English","feg"
"English","fag0t"
"English","cunty"
"English","cuntbag"
"English","cuntless"
"English","cum"
"English","cumslut"
"English","cumdumpster"
"English","fcking"
"English","fcvking"
"English","fcker"
"English","fck"
"English","dyke"
"English","carpet muncher"
"English","lesbo"
"English","lesbian"
"English","butch"
"English","shithead"
"English","shitehead"
"English","sh1theads"
"English","sh1th3ad"
"English","shit"
"English","shitty"
"English","shitter"
"English","shits"
"English","s-lut"
"English","sluts"
"English","slutty"
"English","ragtard"
"English","raghead shit"
"English","raghead ass"
"English","niggas"
"English","nigger"
"English","nigguh"
"English","niga"
"English","n1gga"
"English","n1gger"
"English","n1ggas"
"English","niggass"
"English","nigg@"
"English","nigg@s"
"English","n1gg@"
"English","n1gguh"
"English","muffindiving"
"English","muffindivin"
"English","mufdivin"
"English","mufdive"
"English","motherfucking"
"English","motherfucker"
"English","futhamucka"
"English","MF"
"English","emef"
"English","mudderfuk"
"English","jackoffz"
"English","jackass"
"English","jackasses"
"English","jackarse"
"English","j-offs"
"English","jack-offs"
"English","jkoffs"
"English","dick sucker"
"English","cawksucker"
"English","c0xux0r"
"English","cocksmoker"
"English","dicksmoker"
"English","knobgobbler"
"English","cobb knobbler"
"English","nuts"
"English","nutsack"
"English","balls"
"English","ballsack"
"English","testicles"
"English","bollocks"
"English","coin purse"
"English","cajones"
"English","deez nuts"
"English","deez nutz"
"English","family jewels"
"English","gonads"
"English","knackers"
"English","nads"
"English","nards"
"English","nuggets"
"English","rocks"
"English","sack"
"English","bean bag"
"English","ballicks"
"English","dog's bollocks"
"English","cuntbollock"
"English","bollockchops"
"English","bollocktician"
"English","soppy bollucks"
"English","tadger"
"English","wang"
"English","winkle"
"English","pecker"
"English","phallus"
"English","pizzle"
"English","schlong"
"English","weenie"
"English","wiener"
"English","dick"
"English","prick"
"English","knob"
"English","tool"
"English","dipstick"
"English","dingaling"
"English","dong"
"English","trouser snake"
"English","shaft"
"English","ramrod"
"English","boner"
"English","meat"
"English","johnson"
"English","manhood"
"English","third leg"
"English","pussies"
"English","cunts"
"English","cuntz"
"English","twats"
"English","pusses"
"English","mfing"
"English","wtmff"
"English","muhfucking"
"English","smmfh"
"English","monkey-fighting"
"English","ftmw"
"English","motherfacking"
"English","mudderfukker"
"English","basterd"
"English","bastardish"
"English","bassturd"
"English","rat bastard"
"English","bastardic"
"English","baztad"
"English","rat baztad"
"English","basturd"
"English","twatbasturd"
"English","wankbastard"
"English","dumb bastard"
"English","poor bastard"
"English","fucking bastard"
"English","chink"
"English","chinky"
"English","holy fuck"
"English","fuk"
"English","fux"
"English","fucked"
"English","f@ck"
"English","fak"
"English","f@k"
"English","fuark"
"English","fuuu"
"English","dogshit"
"English","dogsh1t"
"English","dogsh1ts"
"English","fucking nobjockies"
"English","goddamn nobjockies"
"English","faggot nobjockies"
"English","nonce nobjockies"
"English","shit-eating nobjockies"
"English","hoe-ass nobjockies"
"English","fucking son-of-a-bitch"
"English","dumbass son-of-a-bitch"
"English","retarded son-of-a-bitch"
"English","goddamn son-of-a-bitch"
"English","faggot son-of-a-bitch"
"English","shithead son-of-a-bitch"
"English","shitty son-of-a-bitch"
"English","fuckhead son-of-a-bitch"
"English","boobs"
"English","breasts"
"English","breasticles"
"English","funbags"
"English","hooters"
"English","honkers"
"English","fukked"
"English","fugged"
"English","fucked up"
"English","fuba"
"English","f'ed"
"English","forked"
"English","fuk'd"
"English","sk@nks"
"English","skanks"
"English","5kank"
"English","sk@nky"
"English","skanky"
"English","zkank"
"English","scamfuck"
"English","scummy"
"English","scumfucker"
"English","scumfvck"
"English","phack"
"English","phuck"
"English","phucker"
"English","phuk"
"English","phucked"
"English","phucc"
"English","nymphomaniac"
"English","dickless"
"English","cockless"
"English","dicksucker"
"English","dickface"
"English","whores"
"English","hoes"
"English","ho"
"English","hoebag"
"English","hussy"
"English","nympho"
"English","puta"
"English","tart"
"English","tramp"
"English","strumpet"
"English","trollop"
"English","harlot"
"English","loose woman"
"English","prostitute"
"English","call girl"
"English","courtesan"
"English","hooker"
"English","hustler"
"English","sex worker"
"English","street walker"
"English","madame"
"English","minx"
"English","floozy"
"English","siren"
"English","temptress"
"English","wench"
"English","rice monkey"
"English","chingchong"
"English","Peter beater"
"English","wanker"
"English","palm jockey"
"English","pencil squeezer"
"English","wang wrangler"
"English","dickslapper"
"English","masturbatorian"
"English","procrastubator"
"English","spunk monk"
"English","crotch fiddler"
"English","master debater"
"English","harry palms"
"English","Mr. Bater"
"English","peen"
"English","peener"
"English","member"
"English","pole"
"English","rod"
"English","d1cks"
"English","dickz"
"English","d1ckz"
"English","penisfcker"
"English","penisfucker"
"English","p3nisfcker"
"English","p3nisfcukers"
"English","penisfvcker"
"English","p3nisfvckers"
"English","anal"
"English","sphincter"
"English","butt"
"English","turdcutter"
"English","brown eye"
"English","bum"
"English","bumhole"
"English","shithole"
"English","higga"
"English","higg3r"
"English","higguh"
"English","higg@"
"English","greaser"
"English","taco"
"English","spic"
"English","beaner"
"English","spig"
"English","mofo"
"English","fugger"
"English","focker"
"English","f0cker"
"English","shitsdick"
"English","shittydicks"
"English","shitedick"
"English","shiddick"
"English","shitd1ck"
"English","shitdikk"
"English","sh1tdick"
"English","sh1tty"
"English","sh1tsome"
"English","shitfreak"
"English","shitass"
"English","shitties"
"English","phone sex"
"English","telephone sex"
"English","mother fucker"
"English","motha fucker"
"English","motha fucka"
"English","mothafucka"
"English","mutha fucker"
"English","mother fuck you"
"English","f@g"
"English","f@gging"
"English","f@ggot"
"English","f@gshit"
"English","fagshit"
"English","nobjockies"
"English","n0bj0cky"
"English","jerkoff"
"English","jerkoffs"
"English","jerk-0ff"
"English","jerk-0ffs"
"English","buttmunch"
"English","assmuncher"
"English","salad tosser"
"English","butthead"
"English","fuckless"
"English","shit fuck"
"English","shitfucker"
"English","shitface"
"English","shat"
"English","shoot"
"English","caca"
"English","poop"
"English","pigfukker"
"English","piggyfuck"
"English","pigfucking"
"English","dick face"
"English","dick head"
"English","n1ggazes"
"English","niggaz"
"English","niggers"
"English","nigg@z"
"English","nigg@zzes"
"English","nigasses"
"English","ladyboyz"
"English","ladboys"
"English","l@dyboy"
"English","ladyb0y"
"English","l@dyb0y"
"English","shitbag"
"English","dickhead"
"English","jizzstain"
"English","nonce"
"English","bellend"
"English","twatface"
"English","bastard"
"English","bugger off"
"English","shite"
"English","son of a bitch"
"English","tosser"
"English","bugger"
"English","slag"
"English","dickfucker"
"English","gobshite. piss off"
"English","taking the piss"
"English","douche"
"English","douchebag"
"English","douche canoe"
"English","arsewipe"
"English","shittastic"
"English","shiester"
"English","crap"
"English","diddly shit"
"English","bullshit"
"English","horseshit"
"English","shitfaced"
"English","d1ck"
"English","d!ck"
"English","coon1es"
"English","c00nies"
"English","cooni3s"
"English","coonie"
"English","dog fucker"
"English","dog fucking"
"English","dog fuck"
"English","animal fucker"
"English","master-beizbrühen"
"English","master baiter"
"English","masturb8r"
"English","twat waffle"
"English","twattish"
"English","twatzilla"
"English","twat block"
"English","cawks"
"English","cox"
"English","c0x"
"English","cock tease"
"English","cockblock"
"English","cock knocker"
"English","3jakulaten"
"English","3jakulating"
"English","ejaculating"
"English","ejaculation"
"English","ejaculatin"
"English","ejakulatin"
"English","vag"
"English","slit"
"English","hole"
"English","vulva"
"English","lady bits"
"English","lady parts"
"English","girly bits"
"English","vajayjay"
"English","foof"
"English","muff"
"English","box"
"English","front passage"
"English","cherry"
"English","yoni"
"English","kitty"
"English","axe wound"
"English","mother fucka"
"English","mutha fucka"
"English","MFer"
"English","shit fucker"
"English","shit stain"
"English","sheister"
"English","shit licker"
"English","ballbag"
"English","scrote"
"English","bag"
"English","beanbag"
"English","scrotes"
"English","knober"
"English","knobes"
"English","knobe"
"English","fukker"
"English","fukkuh"
"English","fookuh"
"English","foocuh"
"English","f0cked"
"English","effed"
"English","bullcrap"
"English","bull"
"English","dicks"
"English","cocks"
"English","dickheads"
"English","cockface"
"English","d!cks"
"English","shitdicks"
"English","jiggaboos"
"English","jiggas"
"English","jigs"
"English","jiggs"
"English","fuck up"
"English","cock sucker"
"English","cock suck"
"English","cock licker"
"English","cock smoker"
"English","dick licker"
"English","pole smoker"
"English","pole licker"
"English","pole sucker"
"English","ladyboy"
"English","ladboyz"
"English","lady-boy"
"English","ladyb0i"
"English","l@dyb0i"
"English","whore"
"English","slut"
"English","thot"
"English","pig"
"English","swine fucker"
"English","swine"
"English","pud"
"English","shlong"
"English","cocksuccers"
"English","cocksuckas"
"English","cocksuccas"
"English","d1ckhead"
"English","d1cksucker"
"English","d1cksukka"
"English","pack my fudge"
"English","fucking fudge"
"English","fucking fudge fucker"
"English","packing fudge"
"English","fudgepacking fuckhead"
"English","fucking packing fudge"
"English","fudgepacking fucker"
"English","fucking fudgepacker"
"English","shithead fudgepacking"
"English","piss off fuckhead"
"English","you asshole fudgepacking shithead"
"English","bastard fudgefucker"
"English","fucking packerfudgehead"
"English","packing fudgehead"
"English","fudgefucker"
"English","packerfudgehead"
"English","fuck off fudgepackerface"
"English","eat my fudgepacker"
"English","fudgeyfuckingpacker"
"English","packingfudgefucker"
"English","fucking fuckhead"
"English","pack my fuckhead"
"English","fuck my fuckhead"
"English","shithead fudgehead"
"English","packingfudgefucking"
"English","fuckingfudgehead"
"English","packingfudge"
"English","packsomefudgefucker"
"English","motherfucking fudgehead"
"English","bastard fuckingpackhead"
"English","fuck off fudgefucker"
"English","fucking motherfucker"
"English","motherfucking shithead fudgehead"
"English","bloody hell fudgepacker"
"English","fudgepacking motherfucking asshole"
"English","fudging my asshole pussy"
"English","motherbastard fudgepacker"
"English","fudgepack my asshole"
"English","fudgehead motherfucking asshead"
"English","pack my ass fudgepacker"
"English","eat my motherfucking fudgepacker"
"English","you are a bastard fudgepacker"
"English","fuck off motherfucking fudgepacking scum"
"English","motherfucking fudgepacking asshole"
"English","shitte"
"English","sh1te"
"English","sh1t3"
"English","shit3"
"English","shi+e"
"English","shi+"
"English","fuccers"
"English","fvckers"
"English","fvcker"
"English","phucking"
"English","wanking"
"English","wank3r"
"English","wank3rs"
"English","assfucker"
"English","assfcker"
"English","arsefucker"
"English","assfvcker"
"English","assfkr"
"English","assfuccer"
"English","assfukker"
"English","assfukah"
"English","assfukkerz"
"English","assfuckerz"
"English","biotch"
"English","biatch"
"English","bizzach"
"English","biches"
"English","b to the inch"
"English","kkk"
"English","the klan"
"English","ku klux klan"
"English","klan"
"English","ku kluxer"
"English","grand dragon"
"English","clusterfucks"
"English","clusterfucked"
"English","clusterfucking"
"English","clusterfucker"
"English","nigs"
"English","nikkas"
"English","nickas"
"English","kneegrows"
"English","negroes"
"English","nuckas"
"English","n1gg3rs"
"English","nignigs"
"English","ja1lbait"
"English","ja!lbait"
"English","jailba!t"
"English","fuckuhs"
"English","fuckaz"
"English","fuckers"
"English","fckahz"
"English","fackuhs"
"English","fuckahs"
"English","queers"
"English","pansies"
"English","pansy"
"English","butt pirate"
"English","sissy"
"English","queen"
"English","pussywhipped"
"English","pusslicker"
"English","pussless"
"English","hoe"
"English","ass fucker"
"English","pig fucker"
"English","get fucked"
"English","goddamn"
"English","godamnit"
"English","g0ddamnit"
"English","g0ddamn"
"English","goddamned"
"English","g0ddamned"
"English","godd@mnit"
"English","godd@amn"
"English","beech"
"English","bitchhole"
"English","cawk"
"English","cockblock/er/ing"
"English","cack"
"English","caaak"
"English","cockboy"
"English","cockmuncher"
"English","suck my cock"
"English","dtc"
"English","pussys"
"English","pu55y"
"English","puzzy"
"English","puzzies"
"English","pu$sy"
"English","nigga"
"English","niggir"
"English","nigg3r"
"English","niguh"
"English","nigah"
"English","fuckfaces"
"English","fucktard"
"English","fucktards"
"English","fuckhead"
"English","fuckheads"
"English","mindfuck"
"English","fuckmachine"
"English","ballbags"
"English","testies"
"English","jizzbags"
"English","jizzsacks"
"English","cumball"
"English","jakol"
"English","jackoff"
"English","ejac"
"English","muthafukka"
"English","muthafucka"
"English","motherfecka"
"English","motherfecker"
"English","motherfuck"
"English","fuck your mother"
"English","fuk yo mutha"
"English","dick suck"
"English","fucking shit"
"English","arseshit"
"English","ar5ehole"
"English","motherfuckers"
"English","mother fuckers"
"English","motha fuckers"
"English","MFers"
"English","mofos"
"English","phags"
"English","phagot"
"English","ph@ggots"
"English","dumasses"
"English","dumbfucks"
"English","dumbarrassed"
"English","b1tch"
"English","beyotch"
"English","niglet"
"English","clitlickers"
"English","pussylickers"
"English","cuntlapper"
"English","carpetmuncher"
"English","m0fos"
"English","mof0s"
"English","mfs"
"English","mfckers"
"English","masturbates"
"English","masturbater"
"English","bater"
"English","bates"
"English","bate"
"English","jacking off"
"English","jerking off"
"English","cockheads"
"English","cockhed"
"English","c0ckhead"
"English","cockh3ad"
"English","jerk-offs"
"English","jerked off"
"English","jerks off"
"English","mf'ers"
"English","muthafuckers"
"English","em-efs"
"English","cunt lips"
"English","slut hole"
"English","octopuss"
"English","octopussy"
"English","pussy cat"
"English","octopuzzy"
"English","fock"
"English","f0ck"
"English","frig"
"English","fug"
"English","milf"
"English","what the fuck"
"English","feck"
"English","dafuq"
"English","f bomb"
"English","fugly"
"English","fick"
"English","fugga"
"English","eff'er"
"English","f'er"
"English","motherfukker"
"English","fuka"
"English","jig"
"English","spook"
"English","spade"
"English","nig"
"English","mooley"
"English","crows"
"English","coon"
"English","shitbird"
"English","shut the fuck up"
"English","stf^"
"English","stfuogtfo"
"English","mofuccers"
"English","maderfaker"
"English","m0therfuckeds"
"English","m0therfucker"
"English","m0f0s"
"English","m@derfuckers"
"English","m0therfucking"
"English","m@derfuck"
"English","m0fuckeds"
"English","m0therfvcker"
"English","motherfvckeds"
"English","penisfuckers"
"English","penisfuccer"
"English","penisfvckers"
"English","p3nisfvcker"
"English","nigger lover"
"English","clit"
"English","clitoris"
"English","clitori"
"English","clits"
"English","mothafuckin"
"English","mothafcking"
"English","Ejaculate"
"English","baby batter"
"English","ball barf"
"English","bonk juice"
"English","buttermilk"
"English","choad nectar"
"English","clam sauce"
"English","cock droplets"
"English","cock snot"
"English","daddy sauce"
"English","dong water"
"English","erectoplasm"
"English","high fructose porn syrup"
"English","hot milk"
"English","liquid silk"
"English","man chowder"
"English","man seed"
"English","nizzle drizzle"
"English","nut butter"
"English","oil of man"
"English","spunk"
"English","sprew"
"English","snake spray"
"English","jizz"
"English","throat yogurt"
"English","white honey"
"English","double dick"
"English","double dicking"
"English","double pen"
"English","dp"
"English","mf'er"
"English","diks"
"English","pricks"
"English","richards"
"English","dix"
"English","dogstyle"
"English","doggo style"
"English","dogie style"
"English","dog styl"
"English","doggy style"
"English","d0ggy style"
"English","dirty sanchez"
"English","prostitutes"
"English","street walkers"
"English","harlots"
"English","lady of the night"
"English","darky"
"English","darkie"
"English","jigaboo"
"English","cotton picker"
"English","blacky"
"English","wetback"
"English","alien"
"English","dickjockies"
"English","no-j"
"English","mtherfuker"
"English","damn"
"English","god damn"
"English","god damnit"
"English","god dammit"
"English","goddamnit"
"English","goddammit"
"English","dick smoker"
"English","motherfcked"
"English","motherfvcked"
"English","dipshat"
"English","shitdip"
"English","dipshidiot"
"English","dumbshit"
"English","shipdit"
"English","cameltoe jockey"
"English","cameltoesis"
"English","kittentoe"
"English","cameljoe"
"English","swulva"
"English","vulvatarian"
"English","invulve"
"English","nigga lover"
"English","fuck fucker fucks"
"English","fcktard"
"English","masturbated"
"English","masterbates"
"English","masterbate"
"English","m@asterbated"
"English","mastrbate"
"English","masterbat3"
"English","phuckin"
"English","phuccing"
"English","phvckings"
"English","d1ckheads"
"English","knob jockey"
"English","cock jockey"
"English","nob jockey"
"English","sausage jockey"
"English","fat ass mofoes"
"English","loser mofoes"
"English","faggot mofoes"
"English","fatass mofoes"
"English","loser ass mofoes"
"English","shitty mofoes"
"English","punk ass mofoes"
"English","white mofoes"
"English","black mofoes"
"English","brown mofoes"
"English","wannabe-ass mofoes"
"English","broke mofoes"
"English","broke-ass mofoes"
"English","pansy mofoes"
"English","dumbass mofoes"
"English","negga"
"English","n1g3r"
"English","nicker"
"English","phucchead"
"English","phuccer"
"English","phukk"
"English","phukhead"
"English","phukshit"
"English","knob-head"
"English","cock-head"
"English","dick-head"
"English","prick-head"
"English","knob-face"
"English","cock-face"
"English","dick-face"
"English","prick-face"
"English","knob-gobbler"
"English","cock-gobbler"
"English","dick-gobbler"
"English","prick-gobbler"
"English","willy-whacker"
"English","tallywacker"
"English","jizz-jockey"
"English","pork-sword"
"English","chub"
"English","chubby"
"English","pork-sausage"
"English","trousersnake"
"English","dongle"
"English","gash-stabber"
"English","pork poker"
"English","slit-stabber"
"English","slut-slapper"
"English","meat-sword"
"English","man meat"
"English","blow a load"
"English","climax"
"English","cumming"
"English","rapture"
"English","big o"
"English","emission of semen"
"English","shoot a wad"
"English","get your rocks off"
"English","dump a load"
"English","fuckup"
"English","coot"
"English","coot coot"
"English","cooder"
"English","kitty cooter"
"English","cooter bone"
"English","cooties"
"English","cooter juice"
"English","coodapuff"
"English","cooterpuffing"
"English","cooter shooting"
"English","molester"
"English","predator"
"English","rapist"
"English","aggressor"
"English","attacker"
"English","groper"
"English","mothafuckers. mothafckazz"
"English","mothafuckz"
"English","mothafuckasses"
"English","c*ntface"
"English","c*nty"
"English","c*nts"
"English","child molester"
"English","pedo"
"English","paedo"
"English","child predator"
"English","deviant"
"English","sheeny"
"English","keek"
"English","heeb"
"English","kyke"
"English","Noobhead"
"English","nobbyhead"
"English","noob"
"English","n0bhead"
"English","fooker"
"English","china-vir"
"English","chinese-virus"
"English","gay fucker"
"English","little fucker"
"English","nasty fucker"
"English","shithead fucker"
"English","asshole fucker"
"English","dick fucker"
"English","pussy fucker"
"English","retarded fucker"
"English","dumb fucker"
"English","dumbass fucker"
"English","stupid fucker"
"English","useless fucker"
"English","oral sex"
"English","oralsx"
"English","0ral seks"
"English","0ral sex"
"English","oral sx"
"English","or@l sex"
"English","spix"
"English","mex"
"English","wet back"
"English","spik"
"English","spick"
"English","m@derfaker"
"English","motherfk"
"English","mfukker"
"English","mfk"
"English","motherfuckingshit"
"English","mofuck"
"English","mofoshit"
"English","mofo ass"
"English","bitchfuck"
"English","bitchness"
"English","bitch freak"
"English","bitchy ass"
"English","b1tchin"
"English","bitch babe"
"English","bitch shit"
"English","ch1nk"
"English","fxcker"
"English","fxcked"
"English","fxcking"
"English","mothter fuck"
"English","motherfxck"
"English","motherfxcking"
"English","jiggaboo"
"English","jigga"
"English","jigro"
"English","b1tchs"
"English","bitchs"
"English","b1tchez"
"English","b1tchees"
"English","l3itches"
"English","slanty"
"English","slantfreak"
"English","slantard"
"English","slanteyeshit"
"English","slanteye b1tch"
"English","sl@nteye"
"English","Fckk"
"English","fcked"
"English","fckking"
"English","fckked"
"English","fckedup"
"English","jerkoff jerking off"
"English","shiat"
"English","sheeeet"
"English","shitdick"
"English","shitted"
"English","alt girl"
"English","alt gurl"
"English","al+ girl"
"English","@lt girl"
"English","alt-Grl"
"English","alt g1rl"
"English","ejaculates"
"English","cums"
"English","cumz"
"English","busts a nut"
"English","jizzes"
"English","comes"
"English","azzhole"
"English","ashole"
"English","aholes"
"English","@sshole"
"English","asshol3"
"English","horse shit"
"English","hog wash"
"English","dog shit"
"English","bull shit"
"English","Phukking"
"English","phukked"
"English","phuku"
"English","ph@k"
"English","phuc"
"English","phukup"
"English","phucup"
"English","ph@cc"
"English","phuked"
"English","phuck3r"
"English","fukkings"
"English","fuggings"
"English","phuckings"
"English","queer"
"English","homo"
"English","twink"
"English","fairy"
"English","fruit"
"English","penis"
"English","shittiest"
"English","nobs"
"English","cock rider"
"English","nancy"
"English","poof"
"English","gay"
"English","flamers"
"English","homos"
"English","gaylords"
"English","blower"
"English","fellator"
"English","masturbator"
"English","masturbation"
"English","master beat"
"English","backside"
"English","behind"
"English","bottom"
"English","pooper"
"English","booty"
"English","buttocks"
"English","assface"
"English","ass kisser"
"English","kiss ass"
"English","wise ass"
"English","ass muncher"
"English","jiggabu"
"English","jiggyboo"
"English","fuck u"
"English","fck you"
"English","fvck you"
"English","fckyeah"
"English","fuck yeah"
"English","fuck y0u"
"English","fu"
"English","fvck"
"English","sh3male"
"English","shemal3"
"English","shmale"
"English","sh3mal3"
"English","she-male"
"English","knobendz"
"English","knobender"
"English","knobendy"
"English","kn0bend"
"English","knob3nd"
"English","carpetmunchers"
"English","carpetmunching"
"English","pisser"
"English","pissed off"
"English","pissy"
"English","cock head"
"English","idiot"
"English","twit"
"English","simpleton"
"English","imbecile"
"English","dolt"
"English","moron"
"English","dunce"
"English","jackasss"
"English","knobend"
"English","nit"
"English","numbskull"
"English","dullard"
"English","mother fuck"
"English","mother fucking"
"English","cyberfucks"
"English","cyberfcks"
"English","cyberfck"
"English","cyberfuccs"
"English","cyberfvcks"
"English","cyberfukk"
"English","cyberfukks"
"English","wank"
"English","jagoff"
"English","T-head"
"English","turdhead"
"English","towelshithead"
"English","penishead"
"English","p3n1shead"
"English","dikhead"
"English","bell end"
"English","knobhead"
"English","peckerhead"
"English","richard head"
"English","mushroom tip"
"English","richard cranium"
"English","penis cranium"
"English","motherfuccers"
"English","mthrfcker"
"English","motherfvckers"
"English","mofucker"
"English","mofcker"
"English","nobj0key"
"English","bitch3s"
"English","b1tch3s"
"English","Pedophile"
"English","kiddy touch"
"English","chester"
"English","chester the child molester"
"English","paedophile"
"English","pdf file"
"English","kid diddler"
"English","ass hole"
"English","butt hole"
"English","anal hole"
"English","bung hole"
"English","shitfuckhead"
"English","shittyfuckingshitter"
"English","fucking shitface"
"English","shitterfucker"
"English","shytfeisterfuck"
"English","shitfudgefucker"
"English","shittyfuckface"
"English","shiesterfuck"
"English","shiesterfuckface"
"English","fuckshithead"
"English","shittiestfuckface"
"English","shatfudgefucker"
"English","shittyassfucker"
"English","fuckingshitfuck"
"English","fuckshitface"
"English","shiesterfucks"
"English","shittasticfuck"
"English","shittiestfucks"
"English","shatheadfuck"
"English","fuckfaceshitface"
"English","shitassfucker"
"English","shiesterfuckhead"
"English","shitheadfuckface"
"English","fuckface shitter"
"English","shittiestfuckhead"
"English","fuckfaceshitter"
"English","shitmyfuckface"
"English","shittiestfuckpacker"
"English","fuckandshithead"
"English","shitassfuckface"
"English","fudgepackershitter"
"English","shitfacefuck"
"English","fuckfaceshit"
"English","fuckingshyittyass"
"English","shitfuckmotherfucker"
"English","shitfacefucker"
"English","shitface fucker"
"English","fuckingshittiestmotherfucker"
"English","shitheadfucker"
"English","fuckingshitface"
"English","bitched"
"English","bitchlike"
"English","bitching"
"English","bitchtits"
"English","bitch mouth"
"English","trashybitches"
"English","trashbitch"
"English","trashbtch"
"English","trasherbitchs"
"English","trasherbitch"
"English","trashb1tch"
"English","trashbitchez"
"English","fucker off"
"English","go fuck yourself"
"English","up yours"
"English","beat it"
"English","buzz off"
"English","get lost"
"English","go to hell"
"English","screw you"
"English","fackers bunny"
"English","fuck bunny"
"English","fk bunny"
"English","fuckbun"
"English","fucking bunny"
"English","f@cker bunny"
"English","fuckerbun"
"English","fvckbunny"
"English","fvckker bunny"
"English","fkbny"
"English","fukbunny"
"English","twatt"
"English","tw@t"
"English","twa+"
"English","pedos"
"English","paedos"
"English","pedofile"
"English","pedophl"
"English","pedoz"
"English","peds"
"English","fuckboy"
"English","fuck you up"
"English","all fucked up"
"English","acab"
"English","bastid"
"English","negro"
"English","negr0"
"English","n3gro"
"English","nigah. niguh"
"English","shitefulls"
"English","shittyful"
"English","shitsful"
"English","shitfullz"
"English","shtfulls"
"English","fuckyfuck"
"English","fuckshit"
"English","fucs"
"English","fucc"
"English","fuccs"
"English","fked"
"English","nigguhs"
"English","nigguhz"
"English","niggerz"
"English","n1ggah"
"English","niggahs"
"English","gay wad"
"English","fukkers"
"English","f0ckers"
"English","fuggerz"
"English","effer"
"English","polesmoker"
"English","banana crammer"
"English","goober gobbler"
"English","peter puffer"
"English","dick nibbler"
"English","stump chewer"
"English","fellatio aficionado"
"English","duck sicker"
"English","dick milker"
"English","knob gobbler"
"English","hoover"
"English","shit for brains"
"English","full of shit"
"English","shitbrain"
"English","Handy"
"English","handjob"
"English","hand job"
"English","tickle the pickle"
"English","reacharound"
"English","stroking"
"English","stroke"
"English","stroke the salami"
"English","whack off"
"English","bitchasses"
"English","punkasses"
"English","hoe-asses"
"English","shitasses"
"English","fuckasses"
"English","fag asses"
"English","loser asses"
"English","homo asses"
"English","queerasses"
"English","black asses"
"English","white asses"
"English","brown asses"
"English","dumbasses"
"English","stupidasses"
"English","markasses"
"English","fatasses"
"English","horse's asses"
"English","tard asses"
"English","finger"
"English","finger fuck"
"English","flick the bean"
"English","shitblimps"
"English","darkshit"
"English","darkass"
"English","darkfuck"
"English","darktard"
"English","piss off"
"English","piss face"
"English","Mothafucc"
"English","mothafcked"
"English","mothafucker"
"English","mothafucking"
"English","m0thafucked"
"English","m0thafucking"
"English","m0thafucker"
"English","mothfck"
"English","mothaf@cked"
"English","mothafvcked"
"English","mothafucced"
"English","mothafuccer"
"English","mothafuccing"
"English","crow"
"English","negroid"
"English","jerk"
"English","j3rk"
"English","jerk ass"
"English","jerk man"
"English","jerk shit"
"English","god damned"
"English","damn it"
"English","god damn it"
"English","mof0es"
"English","mofoes"
"English","shitsfuck"
"English","shitfck"
"English","shitefuck"
"English","shitfk"
"English","shittyfuck"
"English","shtfuk"
"English","sh1tfuck"
"English","shitfvck"
"English","weiner"
"English","dingdong"
"English","peter"
"English","willy"
"English","Sadism"
"English","masochism"
"English","S&M"
"English","bondage"
"English","leathersex"
"English","B&D"
"English","brutalism"
"English","sadie and maisie"
"English","femdom"
"English","domme"
"English","dominatrix"
"English","complainer"
"English","whiner"
"English","beeotch"
"English","b"
"English","pab"
"English","resting bitch face"
"English","k1ke"
"English","k1k3"
"English","shit head"
"English","shit face"
"English","n1gg3r"
"English","neggar"
"English","nicka"
"English","Tranny"
"English","transvestite"
"English","MTF"
"English","transgirl"
"English","Mr. Titty"
"English","dickvag"
"English","crotch"
"English","scrots"
"English","crotchy"
"English","tumshit"
"English","scrotshit"
"English","fukking"
"English","fukwit"
"English","fukwhore"
"English","spanking"
"English","pull the pud"
"English","pound the pud"
"English","float the boat"
"English","femboy"
"English","laydar"
"English","girlyboy"
"English","girlieboy"
"English","staff"
"English","fothermuckers"
"English","sh1t"
"English","sh1tt"
"English","fuck them"
"English","bollox"
"English","boll0ck"
"English","b0llock"
"English","b0llocks"
"English","analplug"
"English","an@lplugs"
"English","anus plug"
"English","cawk muncher"
"English","knob eater"
"English","fucking asshole"
"English","buttfuckers"
"English","assfuck"
"English","fuck that ass"
"English","dtaf"
"English","f in the a"
"English","kunt"
"English","cuntasaurus rex"
"English","cunt fart"
"English","cunt ass"
"English","cuntelope"
"English","cuntitty"
"English","cuntits"
"English","cuntness"
"English","dickskin"
"English","cockskin"
"English","rabbi snack"
"English","fvckin"
"English","fckin"
"English","fukheads"
"English","fuckheaded"
"English","fucknuckle"
"English","closet fuckhead"
"English","batshit"
"English","ape shit"
"English","ape shite"
"English","apeshite"
"English","batshite"
"English","fuq"
"English","faq"
"English","oral"
"English","fellatio"
"English","cunnilingus"
"English","anilingus"
"English","tossing salad"
"English","ass licking"
"English","pussy licking"
"English","cock sucking"
"English","tongue fucking"
"English","tongue fucker"
"English","69"
"English","sixty-nine"
"English","blowjob"
"English","blow job"
"English","BJ"
"English","head"
"English","go down"
"English","go down on"
"English","suck"
"English","suck off"
"English","rim"
"English","rim job"
"English","eating ass"
"English","eat out"
"English","face fuck"
"English","niccer"
"English","nikker"
"English","nickk3r"
"English","nikk3r"
"English","n1ckker"
"English","knobd"
"English","kn0bed"
"English","knob3d"
"English","kn0b3d"
"English","goddamn mothafuckers"
"English","shithead mothafuckers"
"English","retarded mothafuckers"
"English","faggot mothafuckers"
"English","cocksucking mothafuckers"
"English","loser ass mothafuckers"
"English","dumbass mothafuckers"
"English","jo"
"English","jckoff"
"English","jkoff"
"English","dp'ing"
"English","troater"
"English","throater"
"English","swordswallowing"
"English","shittydick"
"English","sh1td1ck"
"English","wank off"
"English","wanks"
"English","biotches"
"English","b1otch"
"English","biotchez"
"English","b1otchs"
"English","sonna bitch"
"English","son o bitch"
"English","sons of b1tches"
"English","sonz of bitchez"
"English","sonofbitches"
"English","faggot nob jokeys"
"English","nasty nob jokeys"
"English","retarded nob jokeys"
"English","ass eating nob jokeys"
"English","ass fucking nob jokeys"
"English","cock sucking nob jokeys"
"English","cock eating nob jokeys"
"English","dick sucking nob jokeys"
"English","dick eating nob jokeys"
"English","dild0"
"English","d1ldo"
"English","d!ldo"
"English","d!ld0"
"English","fags"
"English","faggots"
"English","fagging"
"English","faggoting"
"English","b00bz"
"English","tits"
"English","bewbs"
"English","chesticles"
"English","boob job"
"English","berbs"
"English","crapping"
"English","arse-bandits"
"English","butt-fuckers"
"English","bum-bandits"
"English","shit-stuffers"
"English","butt-munchers"
"English","ass-fuckers"
"English","arse-fuckers"
"English","mud-puncher"
"English","bender"
"English","arse-shagger"
"English","pillow-biter"
"English","orgsm"
"English","0rgasms"
"English","org@sm"
"English","org@sms"
"English","0rg@sm"
"English","orgasmic"
"English","orgzms"
"English","orguhsms"
"English","jism"
"English","sperm"
"English","semen"
"English","jizz eater"
"English","jizz licker"
"English","jizzy"
"English","jizzed"
"English","jizzing"
"English","wnker"
"English","wankers"
"English","w@nkers"
"English","wh0re"
"English","whor3"
"English","whre"
"English","dick breath"
"English","fuccing"
"English","fukking. fakking"
"English","fuckin"
"English","fukin"
"English","fuk1ng"
"English","fuk1n"
"English","mega fag"
"English","fag queen"
"English","queen fag"
"English","buttfucker"
"English","ass fuck"
"English","butt fucker"
"English","butt fuck"
"English","buttfuck"
"English","anal pirate"
"English","jigger"
"English","jiggabooboo"
"English","cockshit"
"English","cocksuk"
"English","cuksukka"
"English","cocsuck"
"English","cuksuker"
"English","numbnutz"
"English","not gay"
"English","not homosexual"
"English","not a dyke"
"English","not a fag"
"English","not a faggot"
"English","not a gay"
"English","not a homo"
"English","not a poof"
"English","not queer"
"English","fukka"
"English","fucca"
"English","fker"
"English","fcka"
"English","fvcka"
"English","pillow biter"
"English","batty man"
"English","bum chum"
"English","ass bandit"
"English","muthafuckings"
"English","fuckmotherings"
"English","motherfukkings"
"English","mfukk"
"English","motherf@kka"
"English","motherfukka"
"English","mofuk"
"English","motherfckshit"
"English","bitchslap"
"English","bitchin'"
"English","humping"
"English","hump"
"English","tree-humper"
"English","leg-humper"
"English","fucking retard"
"English","retard"
"English","g@yshit"
"English","g@ylord"
"English","gay ass"
"English","gay fuck"
"English","g@y b1tch"
"English","hoar"
"English","whoracle"
"English","shet"
"English","shitey"
"English","shitti"
"English","shi+y"
"English","culfucker"
"English","culfckers"
"English","cul-fckers"
"English","cul-fucker"
"English","cul-fvckers"
"English","spooks"
"English","mooleys"
"English","spades"
"English","muddafukkas"
"English","crazy mofos"
"English","sons of bitches"
"English","soab"
"English","sumbitch"
"English","sum of a bitch"
"English","goddamn son of a bitch"
"English","sommamabitch"
"English","toss"
"English","tug"
"English","assfck"
"English","assfkcer"
"English","asfk"
"English","assfk"
"English","assfker"
"English","@ssfucker"
"English","assfuck3r"
"English","@ssfcker"
"English","@ssfvcker"
"English","assfvck3r"
"English","nigers"
"English","n1ggers"
"English","knickers"
"English","n1g3rz"
"English","cocksuck"
"English","cocksucc"
"English","cocksuccer"
"English","c0cksucker"
"English","c0cksuccer"
"English","c0cksucked"
"English","motherfuckkers"
"English","motherfucca"
"English","motherfuccas"
"English","mofuckkas"
"English","mofukkas"
"English","mofucckers"
"English","sheet"
"English","5h1t"
"English","5h17"
"English","shiz"
"English","fvcking"
"English","fack"
"English","pissed"
"English","piss shit"
"English","pissed ass"
"English","asshat"
"English","dumb@ss"
"English","cocklicker"
"English","dicklicker"
"English","crappy"
"English","cuntlicker"
"English","cuntlick"
"English","cunt lick"
"English","cunt licker"
"English","pussy licker"
"English","pussy lick"
"English","sloppy fingerpop"
"English","fingerpop whore"
"English","fingerpop hoe"
"English","fingerpopped slut"
"English","fingerpopped hoe"
"English","fucking fingerpopped"
"English","fcuking"
"English","fking"
"English","fkings"
"English","fcuks"
"English","fcuked"
"English","fuckk"
"English","fuc"
"English","fuk. fcvk"
"English","fcks"
"English","skankz"
"English","zkankz"
"English","sk@nkz"
"English","mofo'ing"
"English","mf'ing"
"English","fcukker"
"English","fccuker"
"English","fkker"
"English","fckwi"
"English","fukwi"
"English","fuccwi"
"English","fckwhi"
"English","fvckwhi"
"English","fuccwhi"
"English","foppish"
"English","suck my dick"
"English","suck my d"
"English","slob my knob"
"English","sick my duck"
"English","suck my fucking dick"
"English","fucking shitblimps"
"English","goddamn shitblimps"
"English","damn shitblimps"
"English","massive shitblimps"
"English","huge shitblimps"
"English","big shitblimps"
"English","bloody shitblimps"
"English","shiteblimps"
"English","the whole shitblimp"
"English","snatch licker"
"English","fuck face"
"English","fuck faces"
"English","n1ggahs"
"English","nigg@hs"
"English","n1gg@hs"
"English","niggahz"
"English","fucking boiolas"
"English","goddamn boiolas"
"English","cock sucking boiolas"
"English","ass fucking boiolas"
"English","ass eating boiolas"
"English","disgusting boiolas"
"English","unnatural boiolas"
"English","bihs"
"English","b1tch35"
"English","bishes"
"English","beyoch"
"English","douche bag"
"English","gayness"
"English","gay shit"
"English","g@y"
"English","gaytard"
"English","gayish"
"English","gayest"
"English","gay bitch"
"English","fucking cyber fucks"
"English","fucking cybers"
"English","motherfucks"
"English","mothercker"
"English","motherfcking"
"English","motherfckin"
"English","motherfcks"
"English","motherfvcker"
"English","motherfvcking"
"English","motherfvck"
"English","mother"
"English","f@gs"
"English","fagg0t"
"English","f@gg0t"
"English","Camel jockey"
"English","raghead"
"English","sand nigger"
"English","towelie"
"English","batchy"
"English","fukk"
"English","fuku"
"English","fakking"
"English","arse-fucker"
"English","ass-fucker"
"English","ass-hole"
"English","arse hole"
"English","arse-hole"
"English","fook"
"English","assfook"
"English","arsefuck"
"English","fcuk"
"English","fecker"
"English","fuckstick"
"English","arse gobbler"
"English","ass fecker"
"English","fuck goblin"
"English","fuck arse"
"English","feck arse"
"English","fook arse"
"English","fuckass"
"English","butt-fucker"
"English","butt-fucking-bandit"
"English","fuckster"
"English","fuckstar"
"English","shit-fucker"
"English","shit-arse"
"English","shit-ass"
"English","shit-bandit"
"English","ass-bandit"
"English","arse-bandit"
"English","fuck head"
"English","fart-fucker"
"English","jizzfucker"
"English","blob"
"English","fat"
"English","up your pussy ass"
"English","oral seks"
"English","pussie"
"English","wankies"
"English","ar5e"
"English","doosh"
"English","srom"
"English","mestre-bates"
"English","niggah"
"English","penìs"
"English","alienworld"
"English","alt grl"
"English","alt wantd"
"English","china-virus"
"English","flgbt"
"English","ladyboys"
"English","phukker"
"English","phukkeds"
"English","kikes"
"English","4r5e"
"English","4skin"
"English","a_s_s"
"English","acrotomofilia"
"English","asses"
"English","assfuckers"
"English","assfukka"
"English","assholes"
"English","assmunch"
"English","asswhole"
"English","b! ltak"
"English","b!tch"
"English","b17ch"
"English","bangbros"
"English","bastards"
"English","bastinado"
"English","bastrd"
"English","beaners"
"English","bestialstwo"
"English","bi + ch"
"English","bitcher"
"English","bitchers"
"English","bldm"
"English","bliatz"
"English","boiolas"
"English","bollock"
"English","bride"
"English","bullshi"
"English","bullshite"
"English","b！tch"
"English","c*nt"
"English","c0ck"
"English","c0cks"
"English","c0cksuckers"
"English","cagone"
"English","cameltoe"
"English","caylords"
"English","chancla"
"English","cholera"
"English","clusterfuck"
"English","cocainia"
"English","cock-sucker"
"English","cock-suckers"
"English","cocksucked"
"English","cocksuckers"
"English","cocksucking"
"English","cocksucks"
"English","cocksuka"
"English","cocksukka"
"English","cokmuncher"
"English","coksucka"
"English","colporteur"
"English","coonies"
"English","coons"
"English","cooter"
"English","coprofilia"
"English","crazy sob"
"English","creampie"
"English","cul-fuckers"
"English","cuntlickers"
"English","cyberfucs"
"English","deepthroating"
"English","dildo"
"English","dipshit"
"English","dipshits"
"English","dlck"
"English","dlcks"
"English","dog-fucker"
"English","doggy_style"
"English","dogshits"
"English","double-dong"
"English","emotikon-gun"
"English","expand"
"English","f_u_c_k"
"English","faggs"
"English","fagot"
"English","fascines"
"English","fatass"
"English","fblm"
"English","fcuker"
"English","fcukers"
"English","fingerbanged"
"English","fingerpop"
"English","fu6k"
"English","fuckas"
"English","fuck us"
"English","fuck your"
"English","fuckem"
"English","fuckers bunnny"
"English","fucking me"
"English","fuckingshitmotherfucker"
"English","fuckwhi"
"English","fuckwi"
"English","fucx"
"English","fudgepackers"
"English","fukcs"
"English","fuking"
"English","fuks"
"English","fux0r"
"English","fxck"
"English","gaylord"
"English","god-dam"
"English","god-damned"
"English","handjobs"
"English","hit s"
"English","hodensack"
"English","huckster"
"English","hurensohn"
"English","jack-off"
"English","jackoffs"
"English","jailbait"
"English","jerk-off"
"English","knobead"
"English","knobeads"
"English","knobed"
"English","knobeds"
"English","knobends"
"English","knobjockies"
"English","knobjocky"
"English","knobjokey"
"English","knobjokeys"
"English","kuntry"
"English","l3i + ch"
"English","l3i+ch"
"English","l3itch"
"English","ladiboy"
"English","m0f0"
"English","m0foes"
"English","masterbat *"
"English","masterbat * lar"
"English","masterbat * s"
"English","masterbated"
"English","meadores"
"English","mercachifle"
"English","molest"
"English","mothafuck"
"English","mothafuckas"
"English","mothafuckaz"
"English","mothafuckazzes"
"English","mothafucked"
"English","mothafuckeds"
"English","mothafuckers"
"English","mothafuckings"
"English","mothafuckins"
"English","mothafucks"
"English","motherfucked"
"English","motherfuckeds"
"English","motherfuckin"
"English","motherfuckings"
"English","motherfuckins"
"English","motherfuckka"
"English","motherfuckkas"
"English","muffdiving"
"English","muffdivings"
"English","muthafecker"
"English","muthafeckers"
"English","muthafuckker"
"English","muthafuckkers"
"English","mutherfucker"
"English","mutherfuckers"
"English","nigg3rs"
"English","nigg4h"
"English","nigg4hs"
"English","niggazzes"
"English","nob jokeys"
"English","nobheads"
"English","nobjocky"
"English","nobjokey"
"English","nobjokeys"
"English","numbnuts"
"English","nutsacks"
"English","nymphomanin"
"English","octopussy'im"
"English","orgasm"
"English","orgasms"
"English","pedobear"
"English","pedobears"
"English","penises"
"English","phaggot"
"English","phucks"
"English","pigfucker"
"English","pigfuckers"
"English","pissings"
"English","pissoff"
"English","pissoffs"
"English","prince albert piercing"
"English","psmmch"
"English","puussy"
"English","rape"
"English","reverse-cowgirls"
"English","s & m"
"English","s.o.b."
"English","s.o.b.s"
"English","s/h/i/t"
"English","s_h_i_"
"English","s_h_i_s"
"English","scrotum"
"English","scrotums"
"English","scumfuck"
"English","semens"
"English","sh!"
"English","sh! +"
"English","sh!+"
"English","sh1"
"English","sh1s"
"English","sh1ts"
"English","shaggersde"
"English","she is a butch"
"English","shemale"
"English","shemales"
"English","shited"
"English","shiteds"
"English","shitfucks"
"English","shitfull"
"English","shitfulls"
"English","shitheads"
"English","shitting"
"English","shittings"
"English","sh！"
"English","sh！+"
"English","skank"
"English","slanteye"
"English","slanteyes"
"English","smd"
"English","son-of-a-bitch"
"English","sons-of-bitches"
"English","spics"
"English","stfu"
"English","strip-club"
"English","stupid hoe"
"English","s＆m"
"English","ters cowgirl"
"English","ters cowgirls"
"English","top gags"
"English","top öğürme"
"English","towelhead"
"English","towelheads"
"English","transsexual"
"English","trashbitches"
"English","triple-k"
"English","tunte"
"English","up to pussy"
"English","upskirts"
"English","vulvas"
"English","w00ses"
"English","wanked"
"English","wanky"
"English","wetbacks"
"English","whoar"
"English","whoars"
"English","worarefilia"
"English","splooge موس"
"English","mo-foes"
"English","m0fo"
"English","nobhead"
"English","ragheads"
"English","faggo"
"English","nohomo"
"English","phaggots"
"English","phukeds"
"English","phuking"
"English","phukings"
"English","phuks"
"English","ejakulat"
"English","ejakulaten"
"English","ejakulates"
"English","ejakulaty"
"English","klitoris"
"English","cuunt"
"English","fudgepacker"
"English","w00se"
"English","jigaboos"
"English","fukwhi"
"English","nickker"
"English","analplugs"
"English","fuckings"
"English","fuker"
"English","humper"
"English","higger"
"English","higgers"
"English","apeshit"
"English","shitblimp"
"English","shites"
"English","fucka"
"English","gott-damm"
"English","gruppen-sex"
"English","telefon-sex"
"English","jiggerboo"
"English","jiggerboos"
"English","kike"
"English","paedophiles"
"English","chinavirus"
"English","knobheads"